round_epochs,val_loss,val_acc,val_f1_m,val_precision_m,val_recall_m,loss,acc,f1_m,precision_m,recall_m,activation,batch_size,dropout,emb_output_dims,epochs,first_neuron,hidden_layers,last_activation,losses,lr,optimizer,shape,weight_regulizer
150,0.5877080044284687,0.6828047037124634,0.6012781858444214,0.6768602132797241,0.5590569972991943,0.5253934581192715,0.7050823,0.6946879,0.6802341,0.733064,<function elu at 0x135f1b200>,24,0.0,None,150,4,0,<function sigmoid at 0x135f1b560>,<function binary_crossentropy at 0x135ea8a70>,3.6499999999999995,<class 'keras.optimizers.RMSprop'>,long_funnel,None
150,0.10657587234484334,0.6210350394248962,0.6127979159355164,0.5666785836219788,0.7046470046043396,0.08042393177854391,0.7408733,0.7245338,0.7572691,0.7313795,<function elu at 0x135f1b200>,16,0.0,None,150,4,2,<function sigmoid at 0x135f1b560>,<function logcosh at 0x135ea8830>,1.8499999999999999,<class 'keras.optimizers.Nadam'>,brick,None
150,0.11916555347036141,0.6427379250526428,0.5582221746444702,0.5572222471237183,0.6377777457237244,0.06471202325718524,0.8131711,0.7308171,0.76333356,0.7511907,<function elu at 0x135f1b200>,4,0.1,None,150,64,0,<function sigmoid at 0x135f1b560>,<function logcosh at 0x135ea8830>,4.1,<class 'keras.optimizers.Nadam'>,brick,None
150,0.6907808748827952,0.6060100197792053,0.6281821131706238,0.5418401956558228,0.7551136612892151,0.49545006988384765,0.7423049,0.74727416,0.70323855,0.81826246,<function relu at 0x135f1b440>,24,0.2,None,150,16,0,<function sigmoid at 0x135f1b560>,<function binary_crossentropy at 0x135ea8a70>,3.6499999999999995,<class 'keras.optimizers.RMSprop'>,brick,None
150,0.5917513442656432,0.6544240117073059,0.6518536806106567,0.5948727130889893,0.7412436008453369,0.5230633280877992,0.7007874,0.6831861,0.703063,0.68752086,<function relu at 0x135f1b440>,21,0.0,None,150,64,1,<function sigmoid at 0x135f1b560>,<function binary_crossentropy at 0x135ea8a70>,0.95,<class 'keras.optimizers.Adam'>,long_funnel,None
150,0.09812961052325811,0.6644407510757446,0.609147310256958,0.6135119199752808,0.6504760980606079,0.084962394928497,0.7158196,0.652584,0.7640478,0.6131462,<function relu at 0x135f1b440>,10,0.4,None,150,32,1,<function sigmoid at 0x135f1b560>,<function logcosh at 0x135ea8830>,0.95,<class 'keras.optimizers.Adam'>,long_funnel,None
150,0.09446740116868074,0.6711185574531555,0.6575560569763184,0.6176869869232178,0.7190254926681519,0.09035822573673238,0.68718684,0.6604994,0.7003903,0.6432828,<function elu at 0x135f1b200>,24,0.1,None,150,64,0,<function sigmoid at 0x135f1b560>,<function logcosh at 0x135ea8830>,0.5,<class 'keras.optimizers.Adam'>,long_funnel,None
150,0.09521123321605644,0.6928213834762573,0.6570748090744019,0.6498104929924011,0.681283175945282,0.08937869990563171,0.694345,0.6842716,0.6853766,0.71066415,<function elu at 0x135f1b200>,24,0.2,None,150,64,0,<function sigmoid at 0x135f1b560>,<function logcosh at 0x135ea8830>,1.4,<class 'keras.optimizers.Nadam'>,brick,None
150,0.0971727704066466,0.6928213834762573,0.578616738319397,0.7533935904502869,0.4846855103969574,0.08609755120174152,0.7151038,0.70315486,0.7104825,0.7306527,<function relu at 0x135f1b440>,21,0.0,None,150,8,2,<function sigmoid at 0x135f1b560>,<function logcosh at 0x135ea8830>,1.8499999999999999,<class 'keras.optimizers.Nadam'>,brick,None
150,0.6008806376405471,0.6477462649345398,0.6667848825454712,0.586539089679718,0.7886993288993835,0.5514507536045039,0.6821761,0.67219424,0.6846273,0.6861954,<function relu at 0x135f1b440>,27,0.0,None,150,16,2,<function sigmoid at 0x135f1b560>,<function binary_crossentropy at 0x135ea8a70>,2.3,<class 'keras.optimizers.Adam'>,brick,None
150,0.09427578838072556,0.6911519169807434,0.666670024394989,0.6622702479362488,0.7029239535331726,0.09006361403611189,0.6964925,0.6701615,0.6919058,0.69039226,<function elu at 0x135f1b200>,16,0.1,None,150,4,2,<function sigmoid at 0x135f1b560>,<function logcosh at 0x135ea8830>,1.4,<class 'keras.optimizers.RMSprop'>,brick,None
150,0.7767178076933541,0.6210350394248962,0.6365068554878235,0.5472882986068726,0.8040078282356262,0.5184709668671479,0.7122405,0.71660465,0.6664371,0.82059515,<function relu at 0x135f1b440>,10,0.30000000000000004,None,150,32,0,<function sigmoid at 0x135f1b560>,<function binary_crossentropy at 0x135ea8a70>,4.55,<class 'keras.optimizers.Nadam'>,brick,None
150,0.09497496938466628,0.6777963042259216,0.6485642790794373,0.6107936501502991,0.7307935953140259,0.09012252522756478,0.694345,0.6663754,0.68763596,0.6960801,<function elu at 0x135f1b200>,10,0.2,None,150,64,1,<function sigmoid at 0x135f1b560>,<function logcosh at 0x135ea8830>,2.3,<class 'keras.optimizers.RMSprop'>,brick,None
150,0.10561231901256589,0.6727879643440247,0.5849786996841431,0.6307209134101868,0.6023808717727661,0.07527541018503804,0.7308518,0.6423195,0.80214286,0.58117336,<function relu at 0x135f1b440>,10,0.30000000000000004,None,150,32,0,<function sigmoid at 0x135f1b560>,<function logcosh at 0x135ea8830>,2.3,<class 'keras.optimizers.Nadam'>,brick,None
150,0.5980488683823154,0.6761268973350525,0.6244403719902039,0.650734543800354,0.6154633164405823,0.5188769953286725,0.7179671,0.70459527,0.69901055,0.72880214,<function elu at 0x135f1b200>,24,0.1,None,150,64,1,<function sigmoid at 0x135f1b560>,<function binary_crossentropy at 0x135ea8a70>,2.3,<class 'keras.optimizers.Nadam'>,brick,None
150,0.5884053959870378,0.6794657707214355,0.6583409905433655,0.6343633532524109,0.7141813039779663,0.5381647548934947,0.6929134,0.6676837,0.7056101,0.66514623,<function relu at 0x135f1b440>,16,0.0,None,150,4,2,<function sigmoid at 0x135f1b560>,<function binary_crossentropy at 0x135ea8a70>,0.5,<class 'keras.optimizers.Nadam'>,brick,None
150,0.6043151176732052,0.6560934782028198,0.5896844267845154,0.6056349277496338,0.6168650388717651,0.5274929826227187,0.71438795,0.686644,0.72849774,0.7087302,<function elu at 0x135f1b200>,10,0.0,None,150,16,1,<function sigmoid at 0x135f1b560>,<function binary_crossentropy at 0x135ea8a70>,3.6499999999999995,<class 'keras.optimizers.RMSprop'>,brick,None
150,0.6077945104027431,0.6611018180847168,0.5659682750701904,0.584444522857666,0.6311111450195312,0.5227322700150436,0.70866144,0.58225894,0.67380965,0.56452376,<function relu at 0x135f1b440>,4,0.4,None,150,16,2,<function sigmoid at 0x135f1b560>,<function binary_crossentropy at 0x135ea8a70>,0.95,<class 'keras.optimizers.Adam'>,long_funnel,None
150,0.5809535121479894,0.6744574308395386,0.6434319019317627,0.6154100298881531,0.7099205851554871,0.5660956354762455,0.68360776,0.658012,0.68877834,0.6835716,<function elu at 0x135f1b200>,10,0.4,None,150,64,1,<function sigmoid at 0x135f1b560>,<function binary_crossentropy at 0x135ea8a70>,0.95,<class 'keras.optimizers.RMSprop'>,brick,None
150,0.12054712785554052,0.6193656325340271,0.5556825995445251,0.5361111164093018,0.6583333015441895,0.06609655954023728,0.801718,0.70783764,0.7426193,0.7340478,<function elu at 0x135f1b200>,4,0.0,None,150,16,0,<function sigmoid at 0x135f1b560>,<function logcosh at 0x135ea8830>,1.4,<class 'keras.optimizers.Nadam'>,long_funnel,None
150,0.09900623362181779,0.6611018180847168,0.6259233951568604,0.6259212493896484,0.6500820517539978,0.08346908806197201,0.7258411,0.70141,0.715715,0.71838546,<function elu at 0x135f1b200>,21,0.2,None,150,16,2,<function sigmoid at 0x135f1b560>,<function logcosh at 0x135ea8830>,3.6499999999999995,<class 'keras.optimizers.Nadam'>,brick,None
150,0.09854698521963542,0.6911519169807434,0.6313039660453796,0.6817660927772522,0.6020541191101074,0.08384061933267774,0.7115247,0.6609918,0.7621522,0.60433006,<function relu at 0x135f1b440>,18,0.30000000000000004,None,150,4,1,<function sigmoid at 0x135f1b560>,<function logcosh at 0x135ea8830>,1.8499999999999999,<class 'keras.optimizers.Adam'>,long_funnel,None
150,0.6942595164843514,0.5893155336380005,0.6219998598098755,0.5183332562446594,0.8655556440353394,0.5235103814620671,0.6671439,0.6814021,0.5869048,0.882619,<function relu at 0x135f1b440>,4,0.30000000000000004,None,150,16,0,<function sigmoid at 0x135f1b560>,<function binary_crossentropy at 0x135ea8a70>,4.1,<class 'keras.optimizers.Nadam'>,long_funnel,None
150,0.9282704501199802,0.6360601186752319,0.5667592287063599,0.5907738208770752,0.5892460942268372,0.35739990046985165,0.8296349,0.8077147,0.8407343,0.82318336,<function elu at 0x135f1b200>,10,0.0,None,150,32,1,<function sigmoid at 0x135f1b560>,<function binary_crossentropy at 0x135ea8a70>,4.55,<class 'keras.optimizers.Nadam'>,long_funnel,None
150,0.6905915448582033,0.6377295255661011,0.6092504858970642,0.5744311809539795,0.6948014497756958,0.4874274594150617,0.71438795,0.723612,0.66666955,0.8369531,<function relu at 0x135f1b440>,10,0.30000000000000004,None,150,4,2,<function sigmoid at 0x135f1b560>,<function binary_crossentropy at 0x135ea8a70>,1.8499999999999999,<class 'keras.optimizers.Nadam'>,long_funnel,None
150,0.10005253027869584,0.6477462649345398,0.6287861466407776,0.616403341293335,0.6614689826965332,0.08022647278760703,0.74373657,0.7343156,0.7388166,0.7460114,<function relu at 0x135f1b440>,27,0.1,None,150,4,0,<function sigmoid at 0x135f1b560>,<function logcosh at 0x135ea8830>,1.8499999999999999,<class 'keras.optimizers.Adam'>,long_funnel,None
150,0.11311830414804273,0.6277128458023071,0.6226262450218201,0.5794377326965332,0.7131264805793762,0.07037972712205322,0.78740156,0.7789799,0.7891836,0.7970554,<function elu at 0x135f1b200>,16,0.1,None,150,64,0,<function sigmoid at 0x135f1b560>,<function logcosh at 0x135ea8830>,4.55,<class 'keras.optimizers.Nadam'>,brick,None
150,0.5827997997029994,0.6661101579666138,0.6615570187568665,0.611990213394165,0.7419030666351318,0.562961798953259,0.68718684,0.6691292,0.6868767,0.67535406,<function elu at 0x135f1b200>,21,0.2,None,150,8,2,<function sigmoid at 0x135f1b560>,<function binary_crossentropy at 0x135ea8a70>,0.5,<class 'keras.optimizers.Adam'>,brick,None
150,0.10149124558262515,0.644407331943512,0.6442162990570068,0.5879184007644653,0.7336718440055847,0.08611565560059796,0.7129563,0.691414,0.7121247,0.7073856,<function relu at 0x135f1b440>,18,0.0,None,150,64,2,<function sigmoid at 0x135f1b560>,<function logcosh at 0x135ea8830>,2.3,<class 'keras.optimizers.RMSprop'>,brick,None
150,0.5679945370092216,0.7011685967445374,0.5804398655891418,0.7000001072883606,0.5447673797607422,0.5600894945130317,0.6800286,0.6423992,0.6783927,0.671881,<function elu at 0x135f1b200>,7,0.30000000000000004,None,150,4,0,<function sigmoid at 0x135f1b560>,<function binary_crossentropy at 0x135ea8a70>,2.3,<class 'keras.optimizers.RMSprop'>,brick,None
150,0.09802534696156275,0.6527546048164368,0.6544691324234009,0.595201849937439,0.7572547793388367,0.08957550829341775,0.70651394,0.6810442,0.7262516,0.67206216,<function elu at 0x135f1b200>,21,0.2,None,150,32,0,<function sigmoid at 0x135f1b560>,<function logcosh at 0x135ea8830>,1.8499999999999999,<class 'keras.optimizers.Adam'>,brick,None
150,0.1095494074445336,0.6227045059204102,0.6766810417175293,0.5589995384216309,0.8656476140022278,0.07514256584533385,0.7322835,0.76280534,0.67399114,0.89653105,<function relu at 0x135f1b440>,27,0.2,None,150,8,0,<function sigmoid at 0x135f1b560>,<function logcosh at 0x135ea8830>,4.55,<class 'keras.optimizers.Nadam'>,brick,None
150,0.6315781825310698,0.629382312297821,0.44333311915397644,0.44333332777023315,0.4816666543483734,0.500420153932346,0.73514676,0.5278967,0.54291844,0.5457797,<function elu at 0x135f1b200>,2,0.2,None,150,8,0,<function sigmoid at 0x135f1b560>,<function binary_crossentropy at 0x135ea8a70>,1.4,<class 'keras.optimizers.Nadam'>,brick,None
150,0.10787799101142533,0.6477462649345398,0.5730444192886353,0.5918651223182678,0.6079761981964111,0.07756180342342825,0.7516106,0.70808023,0.784592,0.68133783,<function relu at 0x135f1b440>,10,0.2,None,150,16,1,<function sigmoid at 0x135f1b560>,<function logcosh at 0x135ea8830>,3.1999999999999997,<class 'keras.optimizers.RMSprop'>,long_funnel,None
150,0.09842092108497635,0.6494156718254089,0.6513121724128723,0.5839300751686096,0.7539733648300171,0.08888265816928151,0.70293486,0.68724614,0.71895164,0.6997946,<function relu at 0x135f1b440>,24,0.0,None,150,4,2,<function sigmoid at 0x135f1b560>,<function logcosh at 0x135ea8830>,4.1,<class 'keras.optimizers.RMSprop'>,brick,None
150,0.10065087531763245,0.6894824504852295,0.3555554449558258,0.3866666555404663,0.34999996423721313,0.08119790009626253,0.73872584,0.5040531,0.5193133,0.5193133,<function elu at 0x135f1b200>,2,0.4,None,150,32,2,<function sigmoid at 0x135f1b560>,<function logcosh at 0x135ea8830>,4.1,<class 'keras.optimizers.Nadam'>,long_funnel,None
150,0.5777921429858582,0.6677796244621277,0.6534816026687622,0.6119697093963623,0.713918149471283,0.543899288029012,0.68360776,0.66746235,0.6709155,0.6813535,<function relu at 0x135f1b440>,24,0.0,None,150,32,2,<function sigmoid at 0x135f1b560>,<function binary_crossentropy at 0x135ea8a70>,0.5,<class 'keras.optimizers.Adam'>,long_funnel,None
150,0.7072265848691555,0.6277128458023071,0.643540620803833,0.5629667639732361,0.7698996067047119,0.48242529691246977,0.7487473,0.74825734,0.73084193,0.7871583,<function relu at 0x135f1b440>,18,0.1,None,150,32,2,<function sigmoid at 0x135f1b560>,<function binary_crossentropy at 0x135ea8a70>,3.6499999999999995,<class 'keras.optimizers.RMSprop'>,long_funnel,None
150,0.7633332111103108,0.6210350394248962,0.609813928604126,0.5571566820144653,0.7139310836791992,0.4868381733052118,0.7487473,0.7659309,0.70103574,0.8760178,<function relu at 0x135f1b440>,13,0.2,None,150,32,0,<function sigmoid at 0x135f1b560>,<function binary_crossentropy at 0x135ea8a70>,4.1,<class 'keras.optimizers.RMSprop'>,brick,None
150,0.09344689583464935,0.7011685967445374,0.5879279971122742,0.6953647136688232,0.5359675884246826,0.09012505940495641,0.68432355,0.6592132,0.67783594,0.6823292,<function relu at 0x135f1b440>,13,0.0,None,150,16,0,<function sigmoid at 0x135f1b560>,<function logcosh at 0x135ea8830>,2.3,<class 'keras.optimizers.RMSprop'>,brick,None
150,0.10457572957908172,0.6644407510757446,0.5771459341049194,0.6331391334533691,0.5642604231834412,0.07969788974051016,0.73299927,0.66410965,0.797079,0.6028991,<function relu at 0x135f1b440>,13,0.2,None,150,64,0,<function sigmoid at 0x135f1b560>,<function logcosh at 0x135ea8830>,1.4,<class 'keras.optimizers.Nadam'>,brick,None
150,0.6368442534504828,0.6527546048164368,0.5439049005508423,0.5516666769981384,0.6211110353469849,0.47314641570823057,0.7623479,0.6742184,0.70904785,0.7061906,<function elu at 0x135f1b200>,4,0.1,None,150,32,1,<function sigmoid at 0x135f1b560>,<function binary_crossentropy at 0x135ea8a70>,3.6499999999999995,<class 'keras.optimizers.Adam'>,brick,None
150,0.5963967479081305,0.6510851383209229,0.4811110496520996,0.47999998927116394,0.5266666412353516,0.5462898857032903,0.6907659,0.4873626,0.5007153,0.5078684,<function elu at 0x135f1b200>,2,0.2,None,150,32,1,<function sigmoid at 0x135f1b560>,<function binary_crossentropy at 0x135ea8a70>,0.5,<class 'keras.optimizers.Nadam'>,long_funnel,None
150,0.6301043990856419,0.629382312297821,0.632124662399292,0.5702527165412903,0.7268758416175842,0.5142596810736141,0.73514676,0.7304989,0.7047818,0.7753922,<function relu at 0x135f1b440>,21,0.2,None,150,8,2,<function sigmoid at 0x135f1b560>,<function binary_crossentropy at 0x135ea8a70>,2.75,<class 'keras.optimizers.RMSprop'>,brick,None
150,0.10305557985835163,0.6377295255661011,0.6175704598426819,0.5833589434623718,0.6703438758850098,0.08092189771666558,0.73514676,0.72090083,0.7373644,0.7299424,<function elu at 0x135f1b200>,24,0.1,None,150,8,2,<function sigmoid at 0x135f1b560>,<function logcosh at 0x135ea8830>,3.1999999999999997,<class 'keras.optimizers.Nadam'>,long_funnel,None
150,0.5799053346175383,0.6878130435943604,0.6501006484031677,0.6412698030471802,0.6999205350875854,0.5581716926249761,0.68718684,0.6580348,0.6863805,0.67722774,<function elu at 0x135f1b200>,10,0.1,None,150,16,1,<function sigmoid at 0x135f1b560>,<function binary_crossentropy at 0x135ea8a70>,1.8499999999999999,<class 'keras.optimizers.RMSprop'>,long_funnel,None
150,0.09521640131626284,0.6677796244621277,0.6343620419502258,0.6160852909088135,0.7170543074607849,0.09223698566780401,0.69148177,0.63308144,0.694607,0.63858324,<function elu at 0x135f1b200>,7,0.4,None,150,8,2,<function sigmoid at 0x135f1b560>,<function logcosh at 0x135ea8830>,1.4,<class 'keras.optimizers.RMSprop'>,brick,None
150,0.5857546281486202,0.6961602568626404,0.5815565586090088,0.6885659694671631,0.5525193810462952,0.5482126718644338,0.678597,0.62618077,0.6717739,0.6451072,<function elu at 0x135f1b200>,7,0.2,None,150,8,0,<function sigmoid at 0x135f1b560>,<function binary_crossentropy at 0x135ea8a70>,4.1,<class 'keras.optimizers.RMSprop'>,brick,None
150,0.10162479590270078,0.6611018180847168,0.5268571972846985,0.5505555272102356,0.5799999237060547,0.08134582935270447,0.73872584,0.64771485,0.7040476,0.66976184,<function elu at 0x135f1b200>,4,0.1,None,150,4,2,<function sigmoid at 0x135f1b560>,<function logcosh at 0x135ea8830>,2.75,<class 'keras.optimizers.Adam'>,long_funnel,None
150,0.09900221574386094,0.6377295255661011,0.6140614151954651,0.5726388692855835,0.7090475559234619,0.08620325987125262,0.7158196,0.6807345,0.7336706,0.69365656,<function elu at 0x135f1b200>,10,0.0,None,150,16,1,<function sigmoid at 0x135f1b560>,<function logcosh at 0x135ea8830>,1.8499999999999999,<class 'keras.optimizers.RMSprop'>,long_funnel,None
150,0.5857124831123225,0.6527546048164368,0.6636468768119812,0.5858114957809448,0.774832010269165,0.5604505188224481,0.6793128,0.6608471,0.67781764,0.66586506,<function elu at 0x135f1b200>,24,0.0,None,150,32,2,<function sigmoid at 0x135f1b560>,<function binary_crossentropy at 0x135ea8a70>,0.5,<class 'keras.optimizers.RMSprop'>,long_funnel,None
150,0.09503771527009536,0.6928213834762573,0.5772063732147217,0.60833340883255,0.6166666746139526,0.08859403336483321,0.7108089,0.6420686,0.6795238,0.67619056,<function elu at 0x135f1b200>,4,0.2,None,150,64,2,<function sigmoid at 0x135f1b560>,<function logcosh at 0x135ea8830>,3.6499999999999995,<class 'keras.optimizers.RMSprop'>,brick,None
150,0.6131264461400314,0.6577629446983337,0.6375671029090881,0.6187278628349304,0.680376410484314,0.5129548904933329,0.7158196,0.70884967,0.720764,0.73952794,<function relu at 0x135f1b440>,21,0.0,None,150,32,2,<function sigmoid at 0x135f1b560>,<function binary_crossentropy at 0x135ea8a70>,4.55,<class 'keras.optimizers.Nadam'>,brick,None
150,0.735547094492363,0.6193656325340271,0.6101453900337219,0.557353138923645,0.6866048574447632,0.4689701332010025,0.75662136,0.7603761,0.7425004,0.80223995,<function relu at 0x135f1b440>,24,0.1,None,150,64,2,<function sigmoid at 0x135f1b560>,<function binary_crossentropy at 0x135ea8a70>,4.55,<class 'keras.optimizers.RMSprop'>,long_funnel,None
150,0.6779173064560245,0.6661101579666138,0.6304935812950134,0.623892605304718,0.711046576499939,0.5194786950817856,0.7322835,0.66560525,0.7384524,0.66722625,<function relu at 0x135f1b440>,7,0.1,None,150,8,0,<function sigmoid at 0x135f1b560>,<function binary_crossentropy at 0x135ea8a70>,3.1999999999999997,<class 'keras.optimizers.RMSprop'>,long_funnel,None
150,0.09441260471069356,0.6894824504852295,0.640184223651886,0.6254305839538574,0.6840425133705139,0.08799601437186631,0.6993558,0.6893921,0.68579316,0.7366219,<function relu at 0x135f1b440>,13,0.2,None,150,16,2,<function sigmoid at 0x135f1b560>,<function logcosh at 0x135ea8830>,0.5,<class 'keras.optimizers.Adam'>,long_funnel,None
150,0.10346558127857011,0.5976627469062805,0.5355556011199951,0.49166667461395264,0.6366666555404663,0.09210237922545579,0.6607015,0.3562235,0.3769671,0.3612303,<function relu at 0x135f1b440>,2,0.4,None,150,32,0,<function sigmoid at 0x135f1b560>,<function logcosh at 0x135ea8830>,4.55,<class 'keras.optimizers.RMSprop'>,long_funnel,None
150,0.11210792739323662,0.6143572330474854,0.4544443190097809,0.4566666781902313,0.4950000047683716,0.07224768895119876,0.7773801,0.5984736,0.5901288,0.63733906,<function relu at 0x135f1b440>,2,0.2,None,150,4,0,<function sigmoid at 0x135f1b560>,<function logcosh at 0x135ea8830>,2.3,<class 'keras.optimizers.Nadam'>,brick,None
150,0.5773458638553428,0.6711185574531555,0.617361307144165,0.6097602844238281,0.6522542238235474,0.5589520245171822,0.68432355,0.6493199,0.6730895,0.6579535,<function elu at 0x135f1b200>,13,0.1,None,150,8,1,<function sigmoid at 0x135f1b560>,<function binary_crossentropy at 0x135ea8a70>,0.5,<class 'keras.optimizers.RMSprop'>,brick,None
150,0.10054213391968324,0.6460767984390259,0.6322425007820129,0.6050251722335815,0.6809872984886169,0.08266599081141998,0.72226197,0.7027186,0.71325,0.7286987,<function elu at 0x135f1b200>,18,0.1,None,150,64,1,<function sigmoid at 0x135f1b560>,<function logcosh at 0x135ea8830>,2.3,<class 'keras.optimizers.Nadam'>,long_funnel,None
150,0.5795858131724725,0.7028380632400513,0.6678064465522766,0.6701945662498474,0.6788865327835083,0.5463594640675151,0.6879026,0.66989857,0.7000344,0.68596095,<function elu at 0x135f1b200>,18,0.1,None,150,32,1,<function sigmoid at 0x135f1b560>,<function binary_crossentropy at 0x135ea8a70>,0.95,<class 'keras.optimizers.Nadam'>,brick,None
150,0.5879901518208753,0.6878130435943604,0.6230641603469849,0.6709261536598206,0.5943055152893066,0.5346052769302213,0.70293486,0.6967514,0.7001819,0.7220865,<function elu at 0x135f1b200>,24,0.1,None,150,64,0,<function sigmoid at 0x135f1b560>,<function binary_crossentropy at 0x135ea8a70>,4.1,<class 'keras.optimizers.RMSprop'>,brick,None
150,0.6356503691816568,0.6327211856842041,0.629081666469574,0.585385799407959,0.7039098739624023,0.49095546710721577,0.73586255,0.7273795,0.7390125,0.74154705,<function elu at 0x135f1b200>,18,0.0,None,150,64,1,<function sigmoid at 0x135f1b560>,<function binary_crossentropy at 0x135ea8a70>,1.8499999999999999,<class 'keras.optimizers.Nadam'>,brick,None
150,0.6056107316159943,0.629382312297821,0.4811110496520996,0.4699999988079071,0.5383333563804626,0.53577724120759,0.686471,0.4787792,0.49570817,0.49356222,<function elu at 0x135f1b200>,2,0.1,None,150,32,1,<function sigmoid at 0x135f1b560>,<function binary_crossentropy at 0x135ea8a70>,0.5,<class 'keras.optimizers.Nadam'>,brick,None
150,0.5956804905590509,0.6727879643440247,0.6547920107841492,0.631398618221283,0.71834796667099,0.5222324801924917,0.7108089,0.69248194,0.6689047,0.74004006,<function relu at 0x135f1b440>,16,0.30000000000000004,None,150,16,1,<function sigmoid at 0x135f1b560>,<function binary_crossentropy at 0x135ea8a70>,0.95,<class 'keras.optimizers.Nadam'>,brick,None
150,0.6050188811076105,0.6560934782028198,0.6448826789855957,0.6049860119819641,0.7171057462692261,0.5272854165298733,0.7265569,0.70268124,0.74580574,0.6888516,<function relu at 0x135f1b440>,21,0.1,None,150,4,0,<function sigmoid at 0x135f1b560>,<function binary_crossentropy at 0x135ea8a70>,1.8499999999999999,<class 'keras.optimizers.RMSprop'>,brick,None
150,0.5898075170926936,0.6711185574531555,0.639665961265564,0.5982745289802551,0.7192502021789551,0.5536082036041241,0.68503934,0.6508174,0.6999964,0.6511281,<function elu at 0x135f1b200>,13,0.2,None,150,64,0,<function sigmoid at 0x135f1b560>,<function binary_crossentropy at 0x135ea8a70>,1.8499999999999999,<class 'keras.optimizers.Adam'>,brick,None
150,0.6215350345797053,0.6861435770988464,0.5357143878936768,0.5855554938316345,0.559999942779541,0.49666635686786326,0.72512525,0.65088505,0.67119044,0.7057145,<function relu at 0x135f1b440>,4,0.2,None,150,16,2,<function sigmoid at 0x135f1b560>,<function binary_crossentropy at 0x135ea8a70>,0.95,<class 'keras.optimizers.Adam'>,long_funnel,None
150,0.10435980538494002,0.6744574308395386,0.6278346180915833,0.6143447756767273,0.6686676144599915,0.07699059140078494,0.7587688,0.7136111,0.79177326,0.6836307,<function relu at 0x135f1b440>,13,0.2,None,150,8,1,<function sigmoid at 0x135f1b560>,<function logcosh at 0x135ea8830>,4.1,<class 'keras.optimizers.RMSprop'>,long_funnel,None
150,0.617564340366147,0.6911519169807434,0.6086143255233765,0.7011154890060425,0.555127739906311,0.5089161574797879,0.7158196,0.66020507,0.7638524,0.5980289,<function relu at 0x135f1b440>,24,0.30000000000000004,None,150,4,1,<function sigmoid at 0x135f1b560>,<function binary_crossentropy at 0x135ea8a70>,3.1999999999999997,<class 'keras.optimizers.RMSprop'>,brick,None
150,0.101420359838387,0.6594324111938477,0.6264615654945374,0.5900793671607971,0.7131348252296448,0.08003946172664143,0.73944163,0.737368,0.72817177,0.797225,<function relu at 0x135f1b440>,10,0.2,None,150,16,1,<function sigmoid at 0x135f1b560>,<function logcosh at 0x135ea8830>,2.3,<class 'keras.optimizers.RMSprop'>,brick,None
150,0.11306208342885932,0.6126878261566162,0.6026347875595093,0.5438889265060425,0.7649999260902405,0.07298375037882102,0.76592696,0.72699404,0.68880963,0.8319049,<function relu at 0x135f1b440>,4,0.1,None,150,8,2,<function sigmoid at 0x135f1b560>,<function logcosh at 0x135ea8830>,4.55,<class 'keras.optimizers.Nadam'>,brick,None
150,0.7603105804657498,0.6327211856842041,0.621613621711731,0.5567552447319031,0.7382218241691589,0.4417995122516676,0.7809592,0.7564746,0.79750097,0.757245,<function relu at 0x135f1b440>,13,0.1,None,150,16,1,<function sigmoid at 0x135f1b560>,<function binary_crossentropy at 0x135ea8a70>,4.55,<class 'keras.optimizers.Adam'>,long_funnel,None
150,0.11656440207999019,0.6110183596611023,0.5553972721099854,0.5460317730903625,0.5954660177230835,0.06653817152803125,0.8074445,0.78626436,0.80897033,0.7922885,<function elu at 0x135f1b200>,13,0.0,None,150,32,0,<function sigmoid at 0x135f1b560>,<function logcosh at 0x135ea8830>,2.75,<class 'keras.optimizers.Nadam'>,brick,None
150,0.0973570176675443,0.6427379250526428,0.578380823135376,0.5566666126251221,0.6905555129051208,0.08897734200348578,0.69148177,0.60564685,0.6302382,0.652381,<function elu at 0x135f1b200>,4,0.4,None,150,8,0,<function sigmoid at 0x135f1b560>,<function logcosh at 0x135ea8830>,3.6499999999999995,<class 'keras.optimizers.Adam'>,brick,None
150,0.5912027667729006,0.6494156718254089,0.47666651010513306,0.4749999940395355,0.5199999809265137,0.564413368744601,0.68360776,0.49451578,0.5078684,0.51216024,<function elu at 0x135f1b200>,2,0.0,None,150,32,2,<function sigmoid at 0x135f1b560>,<function binary_crossentropy at 0x135ea8a70>,0.5,<class 'keras.optimizers.RMSprop'>,brick,None
150,0.5708716952044498,0.6944907903671265,0.6753622889518738,0.6683170199394226,0.7008088231086731,0.5680463856556797,0.6793128,0.66208965,0.6704582,0.6695579,<function relu at 0x135f1b440>,27,0.2,None,150,32,0,<function sigmoid at 0x135f1b560>,<function binary_crossentropy at 0x135ea8a70>,0.5,<class 'keras.optimizers.RMSprop'>,long_funnel,None
150,0.09635888885874581,0.6811352372169495,0.6370553374290466,0.641257643699646,0.6483314037322998,0.08829201109382026,0.7129563,0.7087461,0.7053324,0.73983365,<function elu at 0x135f1b200>,24,0.30000000000000004,None,150,32,0,<function sigmoid at 0x135f1b560>,<function logcosh at 0x135ea8830>,4.55,<class 'keras.optimizers.Nadam'>,long_funnel,None
150,0.13088955608925756,0.6160266995429993,0.6147191524505615,0.5464748740196228,0.7459126710891724,0.04223743482646529,0.8775948,0.858741,0.8330018,0.91032887,<function relu at 0x135f1b440>,10,0.0,None,150,4,0,<function sigmoid at 0x135f1b560>,<function logcosh at 0x135ea8830>,4.55,<class 'keras.optimizers.Nadam'>,long_funnel,None
150,0.09760245955696886,0.6460767984390259,0.535047709941864,0.5572221279144287,0.6050000786781311,0.08381815014691035,0.73514676,0.65947,0.704762,0.6800001,<function relu at 0x135f1b440>,4,0.30000000000000004,None,150,16,0,<function sigmoid at 0x135f1b560>,<function logcosh at 0x135ea8830>,0.5,<class 'keras.optimizers.Adam'>,long_funnel,None
150,0.10192943400453049,0.6644407510757446,0.6730441451072693,0.6125834584236145,0.7616985440254211,0.08578567343924672,0.71725124,0.69824016,0.7348734,0.6896935,<function relu at 0x135f1b440>,27,0.0,None,150,8,0,<function sigmoid at 0x135f1b560>,<function logcosh at 0x135ea8830>,1.4,<class 'keras.optimizers.Nadam'>,long_funnel,None
150,0.6114835282398982,0.6828047037124634,0.6230069994926453,0.669207751750946,0.5987033843994141,0.5310981585114192,0.72512525,0.686053,0.7438184,0.6582787,<function relu at 0x135f1b440>,24,0.2,None,150,4,1,<function sigmoid at 0x135f1b560>,<function binary_crossentropy at 0x135ea8a70>,4.1,<class 'keras.optimizers.RMSprop'>,brick,None
150,0.5775578529488463,0.6811352372169495,0.6613555550575256,0.6423577666282654,0.711403489112854,0.5624158558627069,0.6757337,0.65189993,0.6821338,0.6610662,<function relu at 0x135f1b440>,16,0.0,None,150,16,0,<function sigmoid at 0x135f1b560>,<function binary_crossentropy at 0x135ea8a70>,0.5,<class 'keras.optimizers.RMSprop'>,long_funnel,None
150,0.09792346028433817,0.6560934782028198,0.6660640835762024,0.5961376428604126,0.7887739539146423,0.08670726177431297,0.7015032,0.72370666,0.65480447,0.82897055,<function relu at 0x135f1b440>,16,0.4,None,150,32,0,<function sigmoid at 0x135f1b560>,<function logcosh at 0x135ea8830>,1.4,<class 'keras.optimizers.RMSprop'>,brick,None
150,0.10238286725965287,0.6560934782028198,0.6024323105812073,0.6081745624542236,0.6453173160552979,0.08162501776682943,0.73944163,0.68856883,0.78556126,0.6537839,<function relu at 0x135f1b440>,10,0.30000000000000004,None,150,64,0,<function sigmoid at 0x135f1b560>,<function logcosh at 0x135ea8830>,2.3,<class 'keras.optimizers.RMSprop'>,brick,None
150,0.5963204742373529,0.6627712845802307,0.6566424369812012,0.6171037554740906,0.7204921841621399,0.5267488032728753,0.71653545,0.6850531,0.74050295,0.6606241,<function relu at 0x135f1b440>,27,0.2,None,150,4,2,<function sigmoid at 0x135f1b560>,<function binary_crossentropy at 0x135ea8a70>,2.3,<class 'keras.optimizers.RMSprop'>,brick,None
150,0.10339332975210849,0.6460767984390259,0.6373597979545593,0.6109512448310852,0.6788224577903748,0.08043377104621319,0.7480315,0.75607115,0.729998,0.8057519,<function relu at 0x135f1b440>,27,0.2,None,150,32,2,<function sigmoid at 0x135f1b560>,<function logcosh at 0x135ea8830>,4.1,<class 'keras.optimizers.RMSprop'>,brick,None
150,0.6912442325849167,0.6494156718254089,0.6129950881004333,0.6194818615913391,0.6259056329727173,0.48064206253654546,0.7258411,0.6793203,0.7869766,0.6151884,<function relu at 0x135f1b440>,21,0.30000000000000004,None,150,8,2,<function sigmoid at 0x135f1b560>,<function binary_crossentropy at 0x135ea8a70>,2.3,<class 'keras.optimizers.Nadam'>,long_funnel,None
150,0.575843158767299,0.6594324111938477,0.6265265941619873,0.5945849418640137,0.6988601684570312,0.5581358124847999,0.68718684,0.67207706,0.6726486,0.7120065,<function relu at 0x135f1b440>,13,0.2,None,150,8,2,<function sigmoid at 0x135f1b560>,<function binary_crossentropy at 0x135ea8a70>,0.5,<class 'keras.optimizers.RMSprop'>,brick,None
150,0.5882570225627275,0.6627712845802307,0.5815237760543823,0.5694444179534912,0.6738888621330261,0.5552444357688971,0.6879026,0.60096645,0.6319049,0.63952386,<function elu at 0x135f1b200>,4,0.1,None,150,16,1,<function sigmoid at 0x135f1b560>,<function binary_crossentropy at 0x135ea8a70>,0.5,<class 'keras.optimizers.Adam'>,brick,None
150,0.09357462236300136,0.6794657707214355,0.656475841999054,0.6375676393508911,0.6950490474700928,0.0910503380053924,0.6821761,0.6700557,0.68175626,0.68535966,<function elu at 0x135f1b200>,21,0.0,None,150,32,2,<function sigmoid at 0x135f1b560>,<function logcosh at 0x135ea8830>,0.5,<class 'keras.optimizers.RMSprop'>,long_funnel,None
150,0.10184071844875912,0.6460767984390259,0.6106982231140137,0.5705555081367493,0.7572221755981445,0.08627307543007066,0.72798854,0.64171505,0.6657144,0.68476206,<function elu at 0x135f1b200>,4,0.1,None,150,32,1,<function sigmoid at 0x135f1b560>,<function logcosh at 0x135ea8830>,4.1,<class 'keras.optimizers.RMSprop'>,long_funnel,None
150,0.10744117266297938,0.6427379250526428,0.6055861115455627,0.6134171485900879,0.6162111163139343,0.07469280676365582,0.7537581,0.6951488,0.8382371,0.6117992,<function relu at 0x135f1b440>,27,0.30000000000000004,None,150,16,1,<function sigmoid at 0x135f1b560>,<function logcosh at 0x135ea8830>,3.6499999999999995,<class 'keras.optimizers.Nadam'>,brick,None
150,0.6247468219575579,0.6878130435943604,0.6225883960723877,0.6372002363204956,0.6510890126228333,0.5067571881590525,0.7158196,0.65865046,0.7711677,0.61504656,<function relu at 0x135f1b440>,13,0.30000000000000004,None,150,64,2,<function sigmoid at 0x135f1b560>,<function binary_crossentropy at 0x135ea8a70>,2.3,<class 'keras.optimizers.Adam'>,brick,None
150,0.10079673100542744,0.6777963042259216,0.5976695418357849,0.6594961881637573,0.6083333492279053,0.08271900653097787,0.7308518,0.6792686,0.71940494,0.6937144,<function elu at 0x135f1b200>,7,0.0,None,150,32,0,<function sigmoid at 0x135f1b560>,<function logcosh at 0x135ea8830>,3.6499999999999995,<class 'keras.optimizers.RMSprop'>,long_funnel,None
150,0.10101488993840543,0.629382312297821,0.6350399851799011,0.5703068375587463,0.7335457801818848,0.08225389404133036,0.730136,0.7356135,0.6935367,0.8110839,<function relu at 0x135f1b440>,24,0.30000000000000004,None,150,8,2,<function sigmoid at 0x135f1b560>,<function logcosh at 0x135ea8830>,2.3,<class 'keras.optimizers.Adam'>,brick,None
150,0.7546384209567144,0.6360601186752319,0.42888858914375305,0.4449999928474426,0.4533333480358124,0.41926302868573245,0.77952754,0.55317086,0.56866956,0.565093,<function elu at 0x135f1b200>,2,0.1,None,150,64,0,<function sigmoid at 0x135f1b560>,<function binary_crossentropy at 0x135ea8a70>,3.6499999999999995,<class 'keras.optimizers.Nadam'>,long_funnel,None
150,0.7417226973579005,0.6694490909576416,0.5915567278862,0.6735824942588806,0.5414682030677795,0.48265912836589553,0.70365065,0.61075807,0.79407686,0.51883125,<function relu at 0x135f1b440>,18,0.30000000000000004,None,150,8,1,<function sigmoid at 0x135f1b560>,<function binary_crossentropy at 0x135ea8a70>,3.1999999999999997,<class 'keras.optimizers.Nadam'>,long_funnel,None
150,0.5874392408162405,0.6761268973350525,0.6469496488571167,0.6436004042625427,0.6886382102966309,0.5400328301879962,0.6936292,0.67668533,0.6896257,0.69810814,<function elu at 0x135f1b200>,16,0.2,None,150,32,0,<function sigmoid at 0x135f1b560>,<function binary_crossentropy at 0x135ea8a70>,3.1999999999999997,<class 'keras.optimizers.Adam'>,brick,None
150,0.10516880016046294,0.629382312297821,0.6230645179748535,0.5804734230041504,0.6938608884811401,0.08240033759226864,0.7236936,0.72997844,0.6801764,0.82160217,<function relu at 0x135f1b440>,18,0.30000000000000004,None,150,4,2,<function sigmoid at 0x135f1b560>,<function logcosh at 0x135ea8830>,3.6499999999999995,<class 'keras.optimizers.RMSprop'>,long_funnel,None
150,0.10072263988210681,0.6711185574531555,0.636589527130127,0.660175085067749,0.6328068375587463,0.07793477836278992,0.74659985,0.71976554,0.77318287,0.6866939,<function relu at 0x135f1b440>,27,0.30000000000000004,None,150,4,1,<function sigmoid at 0x135f1b560>,<function logcosh at 0x135ea8830>,2.75,<class 'keras.optimizers.Adam'>,long_funnel,None
150,0.6440201751974867,0.6811352372169495,0.5790793299674988,0.6138888597488403,0.621666669845581,0.5317710587380183,0.7079456,0.54793257,0.6502383,0.5245238,<function relu at 0x135f1b440>,4,0.4,None,150,8,1,<function sigmoid at 0x135f1b560>,<function binary_crossentropy at 0x135ea8a70>,1.8499999999999999,<class 'keras.optimizers.Nadam'>,brick,None
150,0.10016142515984919,0.6794657707214355,0.42333313822746277,0.4466666281223297,0.43166667222976685,0.08875045075788614,0.7122405,0.43776837,0.47281826,0.43061516,<function relu at 0x135f1b440>,2,0.4,None,150,32,1,<function sigmoid at 0x135f1b560>,<function logcosh at 0x135ea8830>,1.8499999999999999,<class 'keras.optimizers.RMSprop'>,brick,None
150,0.10939164372636798,0.6210350394248962,0.4611109495162964,0.45500001311302185,0.5099999904632568,0.07645730031074245,0.74373657,0.60562646,0.59871244,0.64735335,<function relu at 0x135f1b440>,2,0.0,None,150,8,1,<function sigmoid at 0x135f1b560>,<function logcosh at 0x135ea8830>,4.1,<class 'keras.optimizers.Nadam'>,brick,None
150,0.6932100864603046,0.6360601186752319,0.5886213779449463,0.5978682041168213,0.6567829251289368,0.460661904677034,0.77093774,0.747763,0.7582382,0.7942025,<function relu at 0x135f1b440>,7,0.1,None,150,4,0,<function sigmoid at 0x135f1b560>,<function binary_crossentropy at 0x135ea8a70>,1.8499999999999999,<class 'keras.optimizers.Adam'>,brick,None
150,0.5820314104051543,0.6911519169807434,0.5880953073501587,0.5994443893432617,0.6538888812065125,0.5570319603165944,0.6828919,0.6116332,0.6633336,0.6464286,<function elu at 0x135f1b200>,4,0.4,None,150,16,2,<function sigmoid at 0x135f1b560>,<function binary_crossentropy at 0x135ea8a70>,0.95,<class 'keras.optimizers.Adam'>,long_funnel,None
150,0.09920128696724051,0.6427379250526428,0.6261544227600098,0.5856311917304993,0.7511627674102783,0.08823798532193058,0.70651394,0.67148757,0.70441663,0.7053335,<function elu at 0x135f1b200>,7,0.4,None,150,16,1,<function sigmoid at 0x135f1b560>,<function logcosh at 0x135ea8830>,4.55,<class 'keras.optimizers.Adam'>,brick,None
150,0.10177373786601479,0.6878130435943604,0.5439683198928833,0.5855554938316345,0.5766666531562805,0.07332978802403127,0.77594846,0.6657967,0.74476194,0.65333354,<function relu at 0x135f1b440>,4,0.30000000000000004,None,150,16,1,<function sigmoid at 0x135f1b560>,<function logcosh at 0x135ea8830>,1.4,<class 'keras.optimizers.Nadam'>,long_funnel,None
150,0.587145783964899,0.6661101579666138,0.6627396941184998,0.6030943393707275,0.7480076551437378,0.5627371749881342,0.68360776,0.6598997,0.6843876,0.6608646,<function elu at 0x135f1b200>,24,0.30000000000000004,None,150,4,2,<function sigmoid at 0x135f1b560>,<function binary_crossentropy at 0x135ea8a70>,1.4,<class 'keras.optimizers.RMSprop'>,long_funnel,None
150,0.11713533180583896,0.6260433793067932,0.5695556402206421,0.5461110472679138,0.6766666173934937,0.06908388865702307,0.7916965,0.6891979,0.73333347,0.7054764,<function elu at 0x135f1b200>,4,0.1,None,150,8,0,<function sigmoid at 0x135f1b560>,<function logcosh at 0x135ea8830>,2.75,<class 'keras.optimizers.Nadam'>,long_funnel,None
150,0.14502879768354043,0.6126878261566162,0.6074038147926331,0.5569766759872437,0.7538759708404541,0.04500813759766419,0.8826056,0.8582347,0.87635714,0.86891675,<function elu at 0x135f1b200>,7,0.0,None,150,16,1,<function sigmoid at 0x135f1b560>,<function logcosh at 0x135ea8830>,4.55,<class 'keras.optimizers.Nadam'>,long_funnel,None
150,0.10304133993152137,0.6928213834762573,0.5524641871452332,0.6699613332748413,0.5085271596908569,0.07772342943764407,0.7530422,0.7090868,0.73483336,0.7363095,<function elu at 0x135f1b200>,7,0.2,None,150,16,1,<function sigmoid at 0x135f1b560>,<function logcosh at 0x135ea8830>,2.75,<class 'keras.optimizers.Nadam'>,brick,None
150,0.6854145559225735,0.6260433793067932,0.5897629261016846,0.5561128854751587,0.6633737683296204,0.46940045958983534,0.7537581,0.72489125,0.7313031,0.7538207,<function elu at 0x135f1b200>,13,0.1,None,150,32,1,<function sigmoid at 0x135f1b560>,<function binary_crossentropy at 0x135ea8a70>,4.55,<class 'keras.optimizers.Nadam'>,long_funnel,None
150,0.12939753287622646,0.6060100197792053,0.5154499411582947,0.5442755222320557,0.5241134166717529,0.05539950645184071,0.84681463,0.82908595,0.8459251,0.843941,<function elu at 0x135f1b200>,13,0.0,None,150,64,0,<function sigmoid at 0x135f1b560>,<function logcosh at 0x135ea8830>,3.6499999999999995,<class 'keras.optimizers.Nadam'>,long_funnel,None
150,0.5872020437840826,0.6727879643440247,0.6808165311813354,0.6203173995018005,0.7673763632774353,0.5490641728544884,0.69577664,0.68134123,0.6931175,0.69585264,<function elu at 0x135f1b200>,27,0.1,None,150,16,2,<function sigmoid at 0x135f1b560>,<function binary_crossentropy at 0x135ea8a70>,1.4,<class 'keras.optimizers.Adam'>,long_funnel,None
150,0.5856477291337238,0.6594324111938477,0.6602950692176819,0.610852837562561,0.7308199405670166,0.5585022320812228,0.6821761,0.65913975,0.6849714,0.658306,<function elu at 0x135f1b200>,27,0.2,None,150,64,2,<function sigmoid at 0x135f1b560>,<function binary_crossentropy at 0x135ea8a70>,1.4,<class 'keras.optimizers.Adam'>,long_funnel,None
150,0.8213570031379419,0.5943238735198975,0.6136711239814758,0.5367110371589661,0.7377684116363525,0.41220968197991187,0.7938439,0.77330947,0.80323446,0.76804256,<function elu at 0x135f1b200>,18,0.0,None,150,4,1,<function sigmoid at 0x135f1b560>,<function binary_crossentropy at 0x135ea8a70>,4.1,<class 'keras.optimizers.Nadam'>,brick,None
150,0.6713909226188277,0.6277128458023071,0.622229814529419,0.553168535232544,0.7465551495552063,0.4879929908873272,0.7201145,0.7398166,0.6666913,0.8734055,<function relu at 0x135f1b440>,13,0.30000000000000004,None,150,4,1,<function sigmoid at 0x135f1b560>,<function binary_crossentropy at 0x135ea8a70>,3.1999999999999997,<class 'keras.optimizers.Adam'>,brick,None
150,0.10405769470289275,0.6460767984390259,0.6488261222839355,0.5908094048500061,0.7576127052307129,0.07991243022612017,0.73872584,0.72386897,0.74157244,0.7384575,<function relu at 0x135f1b440>,16,0.0,None,150,64,0,<function sigmoid at 0x135f1b560>,<function logcosh at 0x135ea8830>,3.6499999999999995,<class 'keras.optimizers.Adam'>,brick,None
150,0.10647614751763654,0.6043405532836914,0.6072201728820801,0.5466073751449585,0.7079482078552246,0.08011345970914376,0.73586255,0.71341455,0.752823,0.7249745,<function elu at 0x135f1b200>,18,0.0,None,150,64,1,<function sigmoid at 0x135f1b560>,<function logcosh at 0x135ea8830>,3.1999999999999997,<class 'keras.optimizers.Adam'>,long_funnel,None
150,0.09833293673714533,0.6510851383209229,0.6200074553489685,0.5949612259864807,0.7255814075469971,0.08757494205479632,0.7100931,0.6697729,0.6931905,0.7002381,<function elu at 0x135f1b200>,7,0.4,None,150,4,2,<function sigmoid at 0x135f1b560>,<function logcosh at 0x135ea8830>,2.75,<class 'keras.optimizers.Nadam'>,long_funnel,None
150,0.6897075187184775,0.5993322134017944,0.6203945279121399,0.5430042743682861,0.7516289949417114,0.5103156764164257,0.72226197,0.7268821,0.68172985,0.80836606,<function relu at 0x135f1b440>,16,0.30000000000000004,None,150,4,1,<function sigmoid at 0x135f1b560>,<function binary_crossentropy at 0x135ea8a70>,3.6499999999999995,<class 'keras.optimizers.RMSprop'>,long_funnel,None
150,0.10669690907741577,0.6277128458023071,0.6170257925987244,0.5644518136978149,0.7532946467399597,0.07998953769736808,0.73872584,0.72906137,0.7044406,0.811369,<function relu at 0x135f1b440>,7,0.30000000000000004,None,150,32,0,<function sigmoid at 0x135f1b560>,<function logcosh at 0x135ea8830>,2.3,<class 'keras.optimizers.Adam'>,brick,None
150,0.09581906498971089,0.6777963042259216,0.6339670419692993,0.6397297978401184,0.642711341381073,0.08646935670127934,0.7000716,0.6918917,0.70888,0.7016607,<function elu at 0x135f1b200>,24,0.1,None,150,8,0,<function sigmoid at 0x135f1b560>,<function logcosh at 0x135ea8830>,4.55,<class 'keras.optimizers.RMSprop'>,long_funnel,None
150,0.6965800706850667,0.5993322134017944,0.5945082306861877,0.5238425731658936,0.7249205112457275,0.4636621179756473,0.76020044,0.73772556,0.7670551,0.7565306,<function elu at 0x135f1b200>,10,0.1,None,150,64,0,<function sigmoid at 0x135f1b560>,<function binary_crossentropy at 0x135ea8a70>,4.1,<class 'keras.optimizers.Nadam'>,brick,None
150,0.6136037903357427,0.6060100197792053,0.6625776886940002,0.5388394594192505,0.8813989758491516,0.5703396624168842,0.65926987,0.7051108,0.60807544,0.8730259,<function relu at 0x135f1b440>,21,0.4,None,150,16,2,<function sigmoid at 0x135f1b560>,<function binary_crossentropy at 0x135ea8a70>,4.1,<class 'keras.optimizers.RMSprop'>,brick,None
150,0.09744218695840375,0.6694490909576416,0.653309166431427,0.6306627988815308,0.6925188899040222,0.08397414573950263,0.7229778,0.7080338,0.72613907,0.7098388,<function elu at 0x135f1b200>,27,0.0,None,150,4,0,<function sigmoid at 0x135f1b560>,<function logcosh at 0x135ea8830>,2.75,<class 'keras.optimizers.Adam'>,brick,None
150,0.09541949599931554,0.6861435770988464,0.6659806966781616,0.6635064482688904,0.6835712194442749,0.08834021961957793,0.7015032,0.6857329,0.69131523,0.6947263,<function elu at 0x135f1b200>,27,0.30000000000000004,None,150,32,1,<function sigmoid at 0x135f1b560>,<function logcosh at 0x135ea8830>,3.6499999999999995,<class 'keras.optimizers.Adam'>,long_funnel,None
150,0.8134081488662686,0.5843071937561035,0.49555546045303345,0.4716666638851166,0.5699999332427979,0.6663883335303036,0.6757337,0.5894126,0.56795424,0.6609442,<function relu at 0x135f1b440>,2,0.4,None,150,32,2,<function sigmoid at 0x135f1b560>,<function binary_crossentropy at 0x135ea8a70>,1.8499999999999999,<class 'keras.optimizers.RMSprop'>,long_funnel,None
150,0.6467110021086487,0.6510851383209229,0.6107832789421082,0.5977457165718079,0.663120448589325,0.4830137598638289,0.74373657,0.7168794,0.75741816,0.72425735,<function relu at 0x135f1b440>,13,0.0,None,150,4,0,<function sigmoid at 0x135f1b560>,<function binary_crossentropy at 0x135ea8a70>,2.3,<class 'keras.optimizers.Adam'>,brick,None
150,0.11257544889399325,0.6327211856842041,0.6094478964805603,0.5722089409828186,0.6977778077125549,0.0726993865291498,0.76807445,0.7499738,0.75661266,0.7847846,<function relu at 0x135f1b440>,10,0.2,None,150,32,2,<function sigmoid at 0x135f1b560>,<function logcosh at 0x135ea8830>,2.3,<class 'keras.optimizers.Adam'>,long_funnel,None
150,0.10425294703727772,0.6360601186752319,0.5711005330085754,0.586434006690979,0.631007730960846,0.08049346450529593,0.730136,0.6877172,0.72534525,0.70969063,<function elu at 0x135f1b200>,7,0.1,None,150,16,2,<function sigmoid at 0x135f1b560>,<function logcosh at 0x135ea8830>,3.6499999999999995,<class 'keras.optimizers.Adam'>,long_funnel,None
150,0.10479117342844631,0.644407331943512,0.6537662744522095,0.5765175223350525,0.769352376461029,0.0826100556389212,0.70293486,0.7272981,0.65051645,0.8514657,<function relu at 0x135f1b440>,21,0.4,None,150,64,0,<function sigmoid at 0x135f1b560>,<function logcosh at 0x135ea8830>,3.6499999999999995,<class 'keras.optimizers.RMSprop'>,long_funnel,None
150,0.5870692843885374,0.6744574308395386,0.6609725952148438,0.625232458114624,0.7160830497741699,0.5563074472808974,0.6743021,0.6586311,0.6674397,0.6774104,<function elu at 0x135f1b200>,18,0.2,None,150,32,0,<function sigmoid at 0x135f1b560>,<function binary_crossentropy at 0x135ea8a70>,0.95,<class 'keras.optimizers.Nadam'>,brick,None
150,0.1292639092840752,0.5976627469062805,0.5473188161849976,0.5401161313056946,0.6294572949409485,0.058016442913267394,0.8396564,0.8078736,0.84839296,0.8168455,<function elu at 0x135f1b200>,7,0.0,None,150,16,1,<function sigmoid at 0x135f1b560>,<function logcosh at 0x135ea8830>,2.75,<class 'keras.optimizers.Nadam'>,long_funnel,None
150,0.10453583765308527,0.634390652179718,0.5704600214958191,0.5629761815071106,0.625595211982727,0.07731353633943079,0.7487473,0.71931136,0.7380727,0.73917806,<function elu at 0x135f1b200>,10,0.1,None,150,4,2,<function sigmoid at 0x135f1b560>,<function logcosh at 0x135ea8830>,2.75,<class 'keras.optimizers.Nadam'>,brick,None
150,0.1003108953991796,0.644407331943512,0.45111092925071716,0.4449999928474426,0.4950000047683716,0.08950894145173692,0.6929134,0.48736262,0.509299,0.5007153,<function elu at 0x135f1b200>,2,0.4,None,150,64,0,<function sigmoid at 0x135f1b560>,<function logcosh at 0x135ea8830>,3.1999999999999997,<class 'keras.optimizers.Adam'>,long_funnel,None
150,0.09812834153639056,0.6694490909576416,0.6600056290626526,0.6245453357696533,0.7361841797828674,0.08558492969425559,0.71653545,0.6955432,0.7090468,0.71945834,<function elu at 0x135f1b200>,16,0.0,None,150,16,2,<function sigmoid at 0x135f1b560>,<function logcosh at 0x135ea8830>,0.95,<class 'keras.optimizers.Nadam'>,long_funnel,None
150,0.6760091062678718,0.6878130435943604,0.5700629353523254,0.680232584476471,0.5379844903945923,0.5058546550438586,0.6857552,0.54642034,0.75425005,0.46955952,<function relu at 0x135f1b440>,7,0.4,None,150,16,2,<function sigmoid at 0x135f1b560>,<function binary_crossentropy at 0x135ea8a70>,2.3,<class 'keras.optimizers.Nadam'>,long_funnel,None
150,0.09530655258585495,0.6928213834762573,0.6444531083106995,0.6776106953620911,0.6498016715049744,0.0854058797946553,0.70651394,0.67502564,0.6966778,0.68770957,<function elu at 0x135f1b200>,16,0.0,None,150,16,1,<function sigmoid at 0x135f1b560>,<function logcosh at 0x135ea8830>,1.8499999999999999,<class 'keras.optimizers.Adam'>,long_funnel,None
150,0.09858722041962739,0.6544240117073059,0.621751606464386,0.6163524985313416,0.664212703704834,0.08506158367866008,0.70866144,0.68829876,0.68997365,0.7190302,<function relu at 0x135f1b440>,16,0.0,None,150,64,0,<function sigmoid at 0x135f1b560>,<function logcosh at 0x135ea8830>,4.1,<class 'keras.optimizers.Adam'>,long_funnel,None
150,0.7828781392817107,0.6694490909576416,0.6642826199531555,0.6096895337104797,0.7410104274749756,0.4505940232007266,0.7423049,0.69052035,0.81926036,0.61282676,<function relu at 0x135f1b440>,24,0.2,None,150,8,1,<function sigmoid at 0x135f1b560>,<function binary_crossentropy at 0x135ea8a70>,3.1999999999999997,<class 'keras.optimizers.Nadam'>,brick,None
150,0.09753529496105366,0.6544240117073059,0.4677776098251343,0.4650000035762787,0.5099999904632568,0.08944718545048085,0.6907659,0.49499255,0.50858366,0.51287556,<function elu at 0x135f1b200>,2,0.2,None,150,64,1,<function sigmoid at 0x135f1b560>,<function logcosh at 0x135ea8830>,0.5,<class 'keras.optimizers.Nadam'>,long_funnel,None
150,0.11279871303569494,0.634390652179718,0.5638922452926636,0.566428542137146,0.6113094091415405,0.07130786824808773,0.78239083,0.7658176,0.76091003,0.8109922,<function relu at 0x135f1b440>,10,0.1,None,150,4,2,<function sigmoid at 0x135f1b560>,<function logcosh at 0x135ea8830>,3.1999999999999997,<class 'keras.optimizers.RMSprop'>,brick,None
150,0.09637604383300859,0.6510851383209229,0.632778525352478,0.580042839050293,0.72598797082901,0.08521598590565906,0.71367216,0.7098801,0.67248255,0.7915638,<function relu at 0x135f1b440>,13,0.30000000000000004,None,150,64,2,<function sigmoid at 0x135f1b560>,<function logcosh at 0x135ea8830>,0.5,<class 'keras.optimizers.Nadam'>,long_funnel,None
150,0.5932855706083555,0.6794657707214355,0.6600501537322998,0.648686945438385,0.7119883298873901,0.5467240041123174,0.6986399,0.6848106,0.698161,0.71922535,<function elu at 0x135f1b200>,16,0.30000000000000004,None,150,8,2,<function sigmoid at 0x135f1b560>,<function binary_crossentropy at 0x135ea8a70>,3.1999999999999997,<class 'keras.optimizers.Nadam'>,brick,None
150,0.5846229585164378,0.6761268973350525,0.6370707154273987,0.6262433528900146,0.6953173279762268,0.5571553951173317,0.6671439,0.6326094,0.6619161,0.6595209,<function elu at 0x135f1b200>,10,0.1,None,150,4,2,<function sigmoid at 0x135f1b560>,<function binary_crossentropy at 0x135ea8a70>,0.5,<class 'keras.optimizers.Nadam'>,brick,None
150,0.09363133845250675,0.6961602568626404,0.6260973215103149,0.6520854830741882,0.6336119771003723,0.09167219824827648,0.6986399,0.67933047,0.69285625,0.69972074,<function elu at 0x135f1b200>,13,0.4,None,150,32,0,<function sigmoid at 0x135f1b560>,<function logcosh at 0x135ea8830>,2.75,<class 'keras.optimizers.RMSprop'>,long_funnel,None
150,0.09760897386452193,0.6694490909576416,0.4566664695739746,0.4566666781902313,0.49166667461395264,0.08917690121282743,0.6986399,0.49165437,0.50858366,0.50858366,<function elu at 0x135f1b200>,2,0.2,None,150,8,2,<function sigmoid at 0x135f1b560>,<function logcosh at 0x135ea8830>,4.55,<class 'keras.optimizers.RMSprop'>,brick,None
150,0.0973584400940817,0.6494156718254089,0.6433363556861877,0.5733928084373474,0.7734523415565491,0.08986097416369165,0.6929134,0.6624603,0.69926023,0.69278884,<function elu at 0x135f1b200>,10,0.1,None,150,16,0,<function sigmoid at 0x135f1b560>,<function logcosh at 0x135ea8830>,1.8499999999999999,<class 'keras.optimizers.RMSprop'>,long_funnel,None
150,0.11092428741152577,0.6210350394248962,0.4555554687976837,0.4466666579246521,0.5066666603088379,0.07391535036889843,0.7623479,0.53886443,0.5550787,0.55078685,<function elu at 0x135f1b200>,2,0.0,None,150,4,1,<function sigmoid at 0x135f1b560>,<function logcosh at 0x135ea8830>,1.4,<class 'keras.optimizers.Adam'>,long_funnel,None
150,0.6094022978824845,0.6510851383209229,0.6452229619026184,0.6056362390518188,0.7272765040397644,0.5089626041752318,0.72727275,0.73301893,0.6920878,0.82082134,<function relu at 0x135f1b440>,16,0.4,None,150,32,2,<function sigmoid at 0x135f1b560>,<function binary_crossentropy at 0x135ea8a70>,0.95,<class 'keras.optimizers.Nadam'>,brick,None
150,0.6085416170611405,0.6110183596611023,0.6333234906196594,0.5549470782279968,0.7544846534729004,0.5286903496332994,0.7007874,0.6904504,0.69652617,0.71282494,<function elu at 0x135f1b200>,27,0.1,None,150,64,1,<function sigmoid at 0x135f1b560>,<function binary_crossentropy at 0x135ea8a70>,4.1,<class 'keras.optimizers.Adam'>,long_funnel,None
150,0.10434408428672956,0.6727879643440247,0.4011109471321106,0.4216666519641876,0.4099999964237213,0.0839109014167731,0.6936292,0.44158325,0.46781117,0.444206,<function relu at 0x135f1b440>,2,0.30000000000000004,None,150,64,1,<function sigmoid at 0x135f1b560>,<function logcosh at 0x135ea8830>,2.3,<class 'keras.optimizers.RMSprop'>,brick,None
150,0.6110969030598368,0.6594324111938477,0.6619405150413513,0.6156188249588013,0.7301960587501526,0.5167661153937376,0.70651394,0.7282043,0.66585004,0.82421577,<function relu at 0x135f1b440>,27,0.30000000000000004,None,150,8,2,<function sigmoid at 0x135f1b560>,<function binary_crossentropy at 0x135ea8a70>,2.3,<class 'keras.optimizers.RMSprop'>,long_funnel,None
150,0.1055256887175802,0.639398992061615,0.5780952572822571,0.5902037620544434,0.6044833660125732,0.07304680080245714,0.7773801,0.7587472,0.7726331,0.7809318,<function relu at 0x135f1b440>,13,0.1,None,150,64,2,<function sigmoid at 0x135f1b560>,<function logcosh at 0x135ea8830>,2.3,<class 'keras.optimizers.Adam'>,long_funnel,None
150,0.5993584094939128,0.6410684585571289,0.6589267253875732,0.5742117762565613,0.7872549295425415,0.5520501932930588,0.6771653,0.6491053,0.6831328,0.65844995,<function elu at 0x135f1b200>,18,0.2,None,150,4,0,<function sigmoid at 0x135f1b560>,<function binary_crossentropy at 0x135ea8a70>,4.1,<class 'keras.optimizers.Adam'>,long_funnel,None
150,0.5802170995479832,0.6677796244621277,0.6728078722953796,0.6163100600242615,0.7530211806297302,0.5689392653037244,0.6721546,0.64820206,0.67091304,0.64261496,<function elu at 0x135f1b200>,27,0.4,None,150,16,1,<function sigmoid at 0x135f1b560>,<function binary_crossentropy at 0x135ea8a70>,0.5,<class 'keras.optimizers.Adam'>,brick,None
150,0.6229105297233505,0.6828047037124634,0.6342484951019287,0.6578214168548584,0.6241603493690491,0.49247316451864576,0.73514676,0.6982497,0.7925628,0.64734584,<function relu at 0x135f1b440>,24,0.2,None,150,64,2,<function sigmoid at 0x135f1b560>,<function binary_crossentropy at 0x135ea8a70>,1.8499999999999999,<class 'keras.optimizers.Nadam'>,brick,None
150,0.10090805921013248,0.6761268973350525,0.31999993324279785,0.35499998927116394,0.30666667222976685,0.08444376280244624,0.68718684,0.48593223,0.47997138,0.5307582,<function relu at 0x135f1b440>,2,0.4,None,150,16,0,<function sigmoid at 0x135f1b560>,<function logcosh at 0x135ea8830>,4.1,<class 'keras.optimizers.Nadam'>,brick,None
150,0.10276830395394454,0.6427379250526428,0.4122220277786255,0.4350000023841858,0.42500001192092896,0.08174987349581872,0.7430208,0.54220265,0.5565093,0.56366235,<function elu at 0x135f1b200>,2,0.30000000000000004,None,150,32,2,<function sigmoid at 0x135f1b560>,<function logcosh at 0x135ea8830>,4.1,<class 'keras.optimizers.Adam'>,long_funnel,None
150,0.583616943013091,0.6894824504852295,0.6354234218597412,0.6577519178390503,0.6763566136360168,0.5595426961790261,0.68360776,0.6405514,0.6720834,0.6778215,<function relu at 0x135f1b440>,7,0.0,None,150,32,2,<function sigmoid at 0x135f1b560>,<function binary_crossentropy at 0x135ea8a70>,1.4,<class 'keras.optimizers.RMSprop'>,long_funnel,None
150,0.09385218651023054,0.6828047037124634,0.6242477297782898,0.6307075023651123,0.6520769000053406,0.09018430028193408,0.694345,0.6508842,0.6842658,0.6644571,<function elu at 0x135f1b200>,13,0.1,None,150,8,1,<function sigmoid at 0x135f1b560>,<function logcosh at 0x135ea8830>,0.5,<class 'keras.optimizers.Adam'>,long_funnel,None
150,0.5771580628043224,0.7061769366264343,0.6588233709335327,0.6805788278579712,0.6488100290298462,0.5510616106439166,0.6886185,0.68351376,0.69010454,0.70889884,<function elu at 0x135f1b200>,24,0.1,None,150,8,0,<function sigmoid at 0x135f1b560>,<function binary_crossentropy at 0x135ea8a70>,2.3,<class 'keras.optimizers.RMSprop'>,long_funnel,None
150,0.113384225425965,0.631051778793335,0.6427631378173828,0.5802980661392212,0.7438258528709412,0.07041419662252527,0.78954905,0.78820676,0.7655097,0.8334128,<function relu at 0x135f1b440>,18,0.1,None,150,16,1,<function sigmoid at 0x135f1b560>,<function logcosh at 0x135ea8830>,2.75,<class 'keras.optimizers.Nadam'>,long_funnel,None
150,0.6491594014561833,0.6560934782028198,0.6122807264328003,0.6009625196456909,0.6610942482948303,0.5470127621418933,0.7015032,0.717397,0.66657984,0.8245628,<function relu at 0x135f1b440>,13,0.30000000000000004,None,150,32,1,<function sigmoid at 0x135f1b560>,<function binary_crossentropy at 0x135ea8a70>,4.1,<class 'keras.optimizers.RMSprop'>,long_funnel,None
150,0.6548461923266891,0.6727879643440247,0.605361819267273,0.674418568611145,0.6158914566040039,0.5324613189240738,0.6929134,0.58108646,0.7314999,0.52719045,<function relu at 0x135f1b440>,7,0.4,None,150,16,2,<function sigmoid at 0x135f1b560>,<function binary_crossentropy at 0x135ea8a70>,3.6499999999999995,<class 'keras.optimizers.Nadam'>,brick,None
150,0.6634406460346483,0.6277128458023071,0.6471620798110962,0.5578016042709351,0.7897242903709412,0.48606151082128307,0.730136,0.75449634,0.6758161,0.8836101,<function relu at 0x135f1b440>,16,0.2,None,150,64,1,<function sigmoid at 0x135f1b560>,<function binary_crossentropy at 0x135ea8a70>,4.55,<class 'keras.optimizers.Adam'>,brick,None
150,0.5912014989303627,0.6828047037124634,0.6228440999984741,0.6824457049369812,0.6045844554901123,0.5454969287515966,0.70365065,0.6400685,0.7558488,0.5827077,<function relu at 0x135f1b440>,16,0.4,None,150,4,1,<function sigmoid at 0x135f1b560>,<function binary_crossentropy at 0x135ea8a70>,1.4,<class 'keras.optimizers.RMSprop'>,brick,None
150,0.5964975465766974,0.631051778793335,0.4899998605251312,0.4749999940395355,0.5550000071525574,0.5577342460143967,0.6886185,0.49880746,0.5143061,0.5207439,<function elu at 0x135f1b200>,2,0.4,None,150,32,1,<function sigmoid at 0x135f1b560>,<function binary_crossentropy at 0x135ea8a70>,1.4,<class 'keras.optimizers.Adam'>,long_funnel,None
150,0.6755751217147942,0.6711185574531555,0.5725956559181213,0.669185996055603,0.5633720755577087,0.5511662916532993,0.7043665,0.6209908,0.74133325,0.5906785,<function relu at 0x135f1b440>,7,0.30000000000000004,None,150,8,1,<function sigmoid at 0x135f1b560>,<function binary_crossentropy at 0x135ea8a70>,3.6499999999999995,<class 'keras.optimizers.RMSprop'>,long_funnel,None
150,0.5858467040157478,0.6694490909576416,0.6475459337234497,0.6314145922660828,0.6916677951812744,0.5506754486195599,0.68718684,0.67109364,0.6729184,0.6960242,<function elu at 0x135f1b200>,21,0.30000000000000004,None,150,16,0,<function sigmoid at 0x135f1b560>,<function binary_crossentropy at 0x135ea8a70>,2.3,<class 'keras.optimizers.Nadam'>,brick,None
150,0.6336492146792914,0.6711185574531555,0.6467188000679016,0.6303167939186096,0.679925262928009,0.4954600362540486,0.7322835,0.6950144,0.76597995,0.6664413,<function relu at 0x135f1b440>,18,0.30000000000000004,None,150,4,1,<function sigmoid at 0x135f1b560>,<function binary_crossentropy at 0x135ea8a70>,2.75,<class 'keras.optimizers.Adam'>,brick,None
150,0.5817189666882581,0.6894824504852295,0.6258031129837036,0.6376393437385559,0.6460486650466919,0.5482699346909288,0.7129563,0.68453103,0.7072184,0.7053036,<function elu at 0x135f1b200>,13,0.1,None,150,64,2,<function sigmoid at 0x135f1b560>,<function binary_crossentropy at 0x135ea8a70>,2.75,<class 'keras.optimizers.RMSprop'>,long_funnel,None
150,0.10007340181152491,0.6611018180847168,0.6083931922912598,0.6448829770088196,0.6129908561706543,0.08281942825489755,0.730136,0.7136878,0.7283455,0.73166776,<function elu at 0x135f1b200>,16,0.0,None,150,4,1,<function sigmoid at 0x135f1b560>,<function logcosh at 0x135ea8830>,1.4,<class 'keras.optimizers.Nadam'>,long_funnel,None
150,0.5851469910602538,0.6427379250526428,0.6306496858596802,0.5646234750747681,0.7443008422851562,0.5610648217206353,0.68432355,0.6400237,0.67483413,0.6593982,<function relu at 0x135f1b440>,13,0.1,None,150,4,1,<function sigmoid at 0x135f1b560>,<function binary_crossentropy at 0x135ea8a70>,0.5,<class 'keras.optimizers.Adam'>,brick,None
150,0.5864084313230243,0.6978297233581543,0.6115549802780151,0.7138326168060303,0.5500848889350891,0.5412400018853124,0.69219756,0.69093484,0.68707824,0.71249014,<function elu at 0x135f1b200>,24,0.2,None,150,8,0,<function sigmoid at 0x135f1b560>,<function binary_crossentropy at 0x135ea8a70>,2.75,<class 'keras.optimizers.Nadam'>,brick,None
150,0.6175144547860889,0.6327211856842041,0.6354677081108093,0.5669987797737122,0.7924419641494751,0.517225915890083,0.7115247,0.68138504,0.70835716,0.7158213,<function elu at 0x135f1b200>,7,0.2,None,150,16,0,<function sigmoid at 0x135f1b560>,<function binary_crossentropy at 0x135ea8a70>,4.1,<class 'keras.optimizers.Adam'>,long_funnel,None
150,0.10494988528585593,0.6677796244621277,0.49720633029937744,0.5566666126251221,0.5105555057525635,0.08344748097824556,0.7115247,0.5534561,0.6588096,0.5183334,<function relu at 0x135f1b440>,4,0.2,None,150,16,1,<function sigmoid at 0x135f1b560>,<function logcosh at 0x135ea8830>,3.1999999999999997,<class 'keras.optimizers.RMSprop'>,long_funnel,None
150,0.6383133135014564,0.6360601186752319,0.45333313941955566,0.4583333432674408,0.49000000953674316,0.488952079933932,0.7508948,0.5360033,0.5479256,0.55436337,<function elu at 0x135f1b200>,2,0.2,None,150,64,1,<function sigmoid at 0x135f1b560>,<function binary_crossentropy at 0x135ea8a70>,4.1,<class 'keras.optimizers.Adam'>,long_funnel,None
